{
    "timestamp": "2025-03-10 23:04:30",
    "sma": [
        82449.82142857143,
        82443.1142857143,
        82418.03571428571,
        82407.59285714287,
        82384.8857142857,
        82364.42857142857,
        82315.50714285715,
        82244.65714285713,
        82166.57857142856,
        82076.17142857143,
        81996.16428571429,
        81920.07142857143,
        81840.59285714284,
        81770.82857142857,
        81640.97857142857
    ],
    "wma": [
        82504.99142857142,
        82463.06857142856,
        82426.0,
        82390.80857142857,
        82316.15619047619,
        82245.5580952381,
        82145.58095238096,
        82032.57999999999,
        81946.71904761904,
        81852.01523809523,
        81781.79238095239,
        81728.18380952382,
        81673.14761904762,
        81623.56190476191,
        81461.6914285714
    ],
    "ema": [
        82503.8824670502,
        82454.75147144351,
        82416.13127525104,
        82381.19377188424,
        82310.06126896635,
        82249.4397664375,
        82164.79446424585,
        82071.88853567973,
        82009.0633975891,
        81935.36161124388,
        81883.91339641136,
        81845.27161022318,
        81800.20872886009,
        81756.00756501207,
        81596.11322301046
    ],
    "rsi": [
        51.62846085144381,
        47.431759750560445,
        38.82487745878193,
        44.648609077599,
        39.66313325095912,
        40.588853838065035,
        28.659562535053624,
        18.825821861839856,
        13.311404980868716,
        10.592191294601463,
        15.989554867310446,
        18.315388733567772,
        17.81313277408192,
        19.334379905808845,
        12.651518264371433
    ],
    "macd": [
        -39.64805033062294,
        -66.05688170637586,
        -83.62554581323639,
        -97.31466389338311,
        -131.3729226297728,
        -155.94537123940245,
        -192.62925124708272,
        -230.86956462920352,
        -247.61317694134777,
        -269.4286774486827,
        -276.0154236872186,
        -274.47267018536513,
        -277.06028302367486,
        -279.0094351559819,
        -350.1011134914879
    ],
    "signal": [
        82505.35781251182,
        82431.36625000947,
        82378.11300000758,
        82333.31040000607,
        82236.18832000485,
        82160.03065600389,
        82050.94452480311,
        81934.35561984249,
        81867.624495874,
        81785.35959669921,
        81738.18767735938,
        81709.37014188751,
        81668.95611351002,
        81628.90489080803,
        81414.48391264642
    ],
    "histogram": [
        -82545.00586284244,
        -82497.42313171584,
        -82461.73854582082,
        -82430.62506389945,
        -82367.56124263462,
        -82315.97602724329,
        -82243.5737760502,
        -82165.2251844717,
        -82115.23767281535,
        -82054.7882741479,
        -82014.2031010466,
        -81983.84281207288,
        -81946.0163965337,
        -81907.91432596401,
        -81764.58502613791
    ],
    "bb_upper": [
        82904.36164599439,
        82908.96382757078,
        82897.74872529546,
        82853.73499623481,
        82831.69438407574,
        82859.41379304306,
        82916.8170919206,
        82983.66386621856,
        82985.69696709079,
        83014.48924198993,
        83029.6085039841,
        83036.17707115087,
        83031.55997915794,
        83001.65150581337,
        83045.77565110392
    ],
    "bb_sma": [
        82473.175,
        82453.365,
        82431.09,
        82400.26,
        82353.235,
        82338.76,
        82303.49,
        82265.425,
        82219.65,
        82177.45,
        82146.64499999999,
        82119.26000000001,
        82079.65,
        82030.09,
        81923.23999999999
    ],
    "bb_lower": [
        82041.98835400562,
        81997.76617242923,
        81964.43127470453,
        81946.78500376518,
        81874.77561592426,
        81818.10620695693,
        81690.16290807941,
        81547.18613378145,
        81453.6030329092,
        81340.41075801007,
        81263.68149601588,
        81202.34292884915,
        81127.74002084204,
        81058.52849418663,
        80800.70434889606
    ],
    "vwap": [
        82587.89444069969,
        82577.39094037547,
        82560.45382943042,
        82550.63710071049,
        82528.6890723731,
        82501.90857795972,
        82456.99365196977,
        82404.62886066746,
        82367.79175829253,
        82346.23601519059,
        82330.40717125995,
        82313.26707116923,
        82311.167158047,
        82308.13271874773,
        82229.4411567334
    ]
}