{
    "timestamp": "2025-03-11 21:18:06",
    "sma": [
        81735.22857142857,
        81725.77142857142,
        81707.75,
        81688.60714285714,
        81677.84285714287,
        81657.21428571429,
        81632.33571428571,
        81604.08571428571,
        81579.0,
        81553.52142857143,
        81529.5642857143,
        81503.8142857143,
        81492.7,
        81483.83571428571,
        81471.7
    ],
    "wma": [
        81711.72761904763,
        81704.83047619047,
        81674.96761904762,
        81648.36095238096,
        81642.45333333331,
        81613.10095238095,
        81580.20571428571,
        81548.57428571429,
        81521.20285714285,
        81494.80285714286,
        81466.26666666666,
        81437.28476190477,
        81437.86952380952,
        81445.28285714285,
        81449.3980952381
    ],
    "ema": [
        81724.7822887066,
        81719.27798354572,
        81690.28091907296,
        81666.00346319657,
        81663.10966810369,
        81635.72171235654,
        81605.692150709,
        81577.61319728114,
        81553.77143764366,
        81530.73524595784,
        81505.23721316346,
        81479.498918075,
        81483.32572899833,
        81491.9889651319,
        81495.01710311431
    ],
    "rsi": [
        28.39506172839539,
        30.75581395348921,
        22.80663936193166,
        20.102632753235937,
        36.67550839964693,
        29.476975554292594,
        26.418415707515507,
        22.614596316299895,
        24.372446001167646,
        24.17836976979885,
        24.947714371078803,
        24.046076313894886,
        41.17513611615218,
        43.20446829482047,
        40.90957731407137
    ],
    "macd": [
        -24.17324693145929,
        -25.15921353806334,
        -40.139566708036,
        -50.90833837445825,
        -47.908278131639236,
        -59.89731038433092,
        -72.37307855513063,
        -82.55126639772789,
        -89.28971822428866,
        -94.97152842202922,
        -101.65133380860789,
        -107.90415758659947,
        -95.93808895014809,
        -82.27079199622676,
        -73.30557880444394
    ],
    "signal": [
        81706.11037340011,
        81701.58829872009,
        81661.63063897607,
        81630.94451118086,
        81633.61560894469,
        81598.43248715575,
        81560.8459897246,
        81527.69679177969,
        81501.91743342375,
        81477.733946739,
        81450.0871573912,
        81422.50972591297,
        81439.64778073037,
        81461.3782245843,
        81472.04257966744
    ],
    "histogram": [
        -81730.28362033157,
        -81726.74751225815,
        -81701.77020568411,
        -81681.85284955532,
        -81681.52388707633,
        -81658.32979754008,
        -81633.21906827974,
        -81610.24805817741,
        -81591.20715164804,
        -81572.70547516103,
        -81551.73849119981,
        -81530.41388349957,
        -81535.58586968052,
        -81543.64901658053,
        -81545.34815847188
    ],
    "bb_upper": [
        81909.46014625402,
        81908.25286661935,
        81929.40897494486,
        81941.95102768042,
        81929.33126712585,
        81907.85880506442,
        81909.83949339417,
        81910.06703506976,
        81911.60371314829,
        81905.88612866387,
        81895.35929911058,
        81889.41686284739,
        81865.40356333218,
        81833.27664581004,
        81805.29592835941
    ],
    "bb_sma": [
        81766.31999999999,
        81760.975,
        81745.015,
        81730.91,
        81721.225,
        81696.715,
        81674.95999999999,
        81653.92,
        81636.155,
        81616.395,
        81593.62000000001,
        81571.905,
        81559.375,
        81547.26,
        81535.495
    ],
    "bb_lower": [
        81623.17985374597,
        81613.69713338066,
        81560.62102505514,
        81519.86897231959,
        81513.11873287417,
        81485.57119493558,
        81440.08050660581,
        81397.77296493023,
        81360.70628685171,
        81326.90387133614,
        81291.88070088944,
        81254.39313715261,
        81253.34643666782,
        81261.24335418995,
        81265.69407164058
    ],
    "vwap": [
        79501.50988670815,
        79503.00838947383,
        79504.6059887907,
        79509.91254585556,
        79510.89109887385,
        79512.96169047187,
        79519.27752805031,
        79522.99466326002,
        79528.23851885942,
        79530.16486983077,
        79540.70011048226,
        79544.51760023004,
        79551.01510376374,
        79554.53496212243,
        79557.59828257679
    ]
}