{
    "timestamp": "2025-03-12 23:44:57",
    "sma": [
        82441.57142857143,
        82437.05714285714,
        82440.78571428571,
        82451.30714285714,
        82453.41428571429,
        82424.33571428571,
        82386.53571428571,
        82342.97142857141,
        82295.39285714286,
        82244.49285714285,
        82199.99285714285,
        82153.07142857143,
        82102.75,
        82058.3642857143,
        82011.98571428572
    ],
    "wma": [
        82437.57619047619,
        82441.96666666666,
        82447.69238095237,
        82450.72095238094,
        82442.74666666667,
        82371.35809523809,
        82302.78,
        82245.92190476191,
        82199.13904761904,
        82143.73999999999,
        82093.71428571429,
        82024.6619047619,
        81956.53238095237,
        81907.97904761904,
        81869.01047619047
    ],
    "ema": [
        82471.13453565736,
        82471.58326423638,
        82472.70549567153,
        82471.47809624865,
        82460.81435008216,
        82388.43910340454,
        82324.6472229506,
        82276.0409265572,
        82238.18213634957,
        82190.4111848363,
        82147.59636019146,
        82085.5301788326,
        82026.40615498825,
        81988.03200098981,
        81958.4410675245
    ],
    "rsi": [
        44.67962838808503,
        47.1062271062272,
        52.64277035236925,
        58.252100840336425,
        51.605529552628745,
        34.9811849774954,
        28.818443804034658,
        23.90243902439049,
        20.057538433876218,
        19.252675181222173,
        20.866068088290618,
        20.224820959115632,
        18.97842360193748,
        24.503528639422655,
        22.734525909129843
    ],
    "macd": [
        -111.55882153149287,
        -101.88512573046319,
        -92.70618884099531,
        -85.77447260176996,
        -85.10974366673327,
        -121.39111280691577,
        -149.07148905283248,
        -165.06299193437735,
        -173.15818089360255,
        -186.47768015344627,
        -195.63366754901654,
        -215.51105177575664,
        -231.81941774515144,
        -234.256805125784,
        -231.30311369890114
    ],
    "signal": [
        82436.24622971521,
        82443.89698377217,
        82451.11758701774,
        82453.59406961419,
        82441.17525569136,
        82336.5402045531,
        82251.23216364247,
        82193.00573091398,
        82152.82458473119,
        82098.23966778495,
        82052.45173422796,
        81978.38138738237,
        81911.1251099059,
        81876.62008792473,
        81854.5160703398
    ],
    "histogram": [
        -82547.8050512467,
        -82545.78210950263,
        -82543.82377585873,
        -82539.36854221596,
        -82526.28499935809,
        -82457.93131736001,
        -82400.30365269531,
        -82358.06872284836,
        -82325.9827656248,
        -82284.7173479384,
        -82248.08540177697,
        -82193.89243915812,
        -82142.94452765105,
        -82110.87689305052,
        -82085.8191840387
    ],
    "bb_upper": [
        82859.71631085995,
        82830.35962818225,
        82790.77170863788,
        82752.75703993766,
        82676.94212198972,
        82726.07685453462,
        82767.03475378394,
        82777.38016758495,
        82785.70298743714,
        82809.28577533398,
        82823.38905153175,
        82857.22070306819,
        82871.57593920176,
        82842.48568916606,
        82782.33547191965
    ],
    "bb_sma": [
        82524.17000000001,
        82510.7,
        82496.005,
        82481.975,
        82459.91500000001,
        82421.8,
        82390.975,
        82362.095,
        82340.31,
        82318.495,
        82293.86,
        82261.70999999999,
        82221.855,
        82180.285,
        82135.68000000001
    ],
    "bb_lower": [
        82188.62368914008,
        82191.04037181774,
        82201.23829136213,
        82211.19296006236,
        82242.8878780103,
        82117.52314546538,
        82014.91524621607,
        81946.80983241505,
        81894.91701256286,
        81827.70422466601,
        81764.33094846825,
        81666.1992969318,
        81572.13406079823,
        81518.08431083395,
        81489.02452808036
    ],
    "vwap": [
        80276.28341789031,
        80278.82686344432,
        80280.536891076,
        80281.92272511663,
        80285.17642034088,
        80288.89758220647,
        80297.25972459708,
        80298.6076168332,
        80301.76676602243,
        80302.2493389167,
        80302.91967252282,
        80306.53197294944,
        80310.99618147482,
        80313.97058416581,
        80314.02679589273
    ]
}